{
  "folds": [
    1,
    2,
    3,
    4,
    5
  ],
  "models": {
    "lda": {
      "scores": [
        0.783969,
        0.780365,
        0.784725,
        0.788991,
        0.795588
      ],
      "mean": 0.786728,
      "std": 0.00521
    },
    "qda": {
      "scores": [
        0.806018,
        0.793273,
        0.81012,
        0.784481,
        0.797505
      ],
      "mean": 0.798279,
      "std": 0.009123
    },
    "lr": {
      "scores": [
        0.793599,
        0.784838,
        0.791284,
        0.799133,
        0.80141
      ],
      "mean": 0.794053,
      "std": 0.005877
    },
    "rf": {
      "scores": [
        0.989805,
        0.992755,
        0.994453,
        0.9929,
        0.990646
      ],
      "mean": 0.992112,
      "std": 0.001673
    }
  }
}